subtype,celltype_major,n_cells,n_expressing,pct_expressing,mean_expr,median_expr,mean_expr_pos
ER+,Normal Epithelial,2430.0,541.0,22.263,0.293,0.0,1.315
ER+,PVL,3257.0,429.0,13.172,0.172,0.0,1.308
ER+,CAFs,2566.0,220.0,8.574,0.101,0.0,1.179
HER2+,PVL,894.0,222.0,24.832,0.326,0.0,1.314
HER2+,Normal Epithelial,967.0,201.0,20.786,0.293,0.0,1.408
HER2+,CAFs,1448.0,233.0,16.091,0.233,0.0,1.447
TNBC,Normal Epithelial,955.0,217.0,22.723,0.272,0.0,1.198
TNBC,CAFs,2550.0,288.0,11.294,0.158,0.0,1.399
TNBC,Endothelial,1380.0,50.0,3.623,0.043,0.0,1.19
